Species,Sample ID,Cell Density,Growth Rate,C,N,P,RNA,DNA,Protein,Total Chlorophylls,Total Carotenoids,Total Pigments,Carbohydrate,Total Lipid,Lipid - Pigment,Lipid P,Estimated Phospholipid,Estimate P Storage,RNA:C,DNA:C,Pro:C,Pigment:C,Carb:C,Lipid:C,RNA C fraction,DNA C fraction,Pro C fraction,Pigment C fraction,Carb C fraction,Lipid C fraction,RNA:N,DNA:N,Pro:N,Pigment:N,RNA N fraction,DNA N fraction,Pro N fraction,Pigment N fraction,RNA:P,DNA:P,Phospholipid:P,RNA P fraction,DNA P fraction,Phospholipid P fraction,Residual P fraction,C:N,C:P,N:P,MM C,MM N,MM P,MM C:N,%C Acc,%N Acc,%P Acc,Protein:RNA,RNA:DNA,Carb:Lipid
Thalassiosira pseudonana,160405_Tp_A,193516.6667,0.935507879,14.19212655,2.630103983,0.417713124,0.906964028,0.135624023,12.69150901,0.80243375,0.358663608,1.161097358,5.56666536,5.331934451,4.170837093,0.025517325,0.593426172,0.756749824,0.06390614,0.009556286,0.894264081,0.081812782,0.39223617,0.293883871,0.021728088,0.003440263,0.473959963,0.06241533,0.156894468,0.220412904,0.344839609,0.051566031,4.825478039,0.441464431,0.055588145,0.00868372,0.772076486,0.019683888,2.171260552,0.324682216,1.420654841,0.19758471,0.030844811,0.061088158,0.710482321,6.292772968,87.61833419,13.92364457,13.32429242,2.2514538,0.120935334,6.897963333,93.88510155,85.60322384,28.95176789,13.99339843,6.687340559,1.334663818
Thalassiosira pseudonana,160405_Tp_B,186433.3333,0.654394194,15.53406504,2.782079562,0.429821729,1.039035511,0.147376392,13.13646026,0.855796764,0.398674999,1.254471763,7.058612658,6.217187068,4.962715305,0.037412645,0.870061522,0.723800962,0.066887547,0.009487304,0.845655032,0.080756181,0.454395719,0.319473061,0.022741766,0.003415429,0.448197167,0.06166851,0.181758288,0.239604796,0.373474406,0.052973464,4.721813293,0.450911534,0.060204074,0.008920731,0.755490127,0.019846543,2.417363852,0.342877947,2.024238104,0.219980111,0.032573405,0.087042238,0.660404246,6.511530524,93.20139007,14.31328468,14.8720957,2.349359012,0.145965634,7.378406013,95.73859557,84.44614755,33.9595754,12.64293676,7.050216777,1.42232875
Thalassiosira pseudonana,160405_Tp_C,182466.6667,0.69937773,15.48083455,2.686122982,0.407235036,0.997672865,0.145382318,13.53621159,0.852710507,0.379256502,1.231967009,7.873599389,6.202876407,4.970909398,0.026273303,0.611007037,0.704692333,0.064445677,0.009391116,0.874385134,0.079580142,0.508603032,0.321100867,0.02191153,0.003380802,0.463424121,0.060699268,0.203441213,0.24082565,0.371417419,0.054123478,5.03931193,0.458641327,0.059872488,0.009114394,0.806289909,0.020500481,2.449869918,0.356998553,1.500379344,0.222938163,0.033914862,0.064516312,0.678630663,6.721032323,98.03358202,14.58608995,15.38303568,2.406167915,0.130872854,7.451708914,99.36825845,89.57772714,32.13693369,13.56778566,6.862408545,1.583935405
Thalassiosira pseudonana,160406_Tp_A,126366.6667,0.636718299,16.92335336,3.199042127,0.49829702,0.678681014,0.151472891,13.69288373,1.014875275,0.453618542,1.468493817,5.777019767,6.297810604,4.829316787,0.026865424,0.624777302,1.007923659,0.040103223,0.008950525,0.809111731,0.086773217,0.341363774,0.285364058,0.013635096,0.003222189,0.428829218,0.066199668,0.13654551,0.214023043,0.212151321,0.047349452,4.280307413,0.459041725,0.034198793,0.007973648,0.684849186,0.020467619,1.36200095,0.303981131,1.253825084,0.123942086,0.028878207,0.053914479,0.793265228,6.169272743,87.58379728,14.19677828,14.59562603,2.391249586,0.103015321,7.114388628,86.24547229,74.74892456,20.67347724,20.17572829,4.480544392,1.196239556
Thalassiosira pseudonana,160406_Tp_B,110783.3333,0.542396835,16.99387902,3.41649298,0.531660744,0.877501572,0.185689379,14.32350434,1.08236596,0.504222808,1.586588768,5.600210953,,,0.031439817,0.731158543,1.026910358,0.051636332,0.010926839,0.842862558,0.093362367,0.329542828,,0.017556353,0.003933662,0.446717156,0.071295076,0.131817131,,0.256842785,0.054350874,4.192458297,0.464391052,0.041403057,0.009152687,0.670793327,0.020439834,1.650491563,0.34926291,1.37523515,0.150194732,0.033179976,0.059135111,0.75749018,5.800687867,82.42967071,14.21032688,11.40832029,2.534316589,0.128932951,5.246873637,67.13193781,74.17889058,24.25098201,16.32305262,4.725642248,
Thalassiosira pseudonana,160406_Tp_C,110500,0.561342219,17.72974111,3.415256042,0.535220202,0.787039138,0.18013658,15.89994972,1.078462627,0.479663333,1.55812596,6.440388037,7.956259427,6.398133467,0.036014211,0.837539784,1.046658371,0.044390899,0.010160136,0.896795369,0.087882048,0.36325336,0.360870101,0.015092905,0.003657649,0.475301546,0.067031497,0.145301344,0.270652576,0.230448063,0.052744678,4.655565945,0.456225226,0.037148228,0.008882204,0.744890551,0.020392485,1.470495947,0.33656536,1.564850841,0.133815131,0.031973709,0.067288586,0.766922573,6.054058778,85.42707445,14.11071111,17.32262223,2.770843224,0.124747747,7.286877124,97.70375167,81.13134681,23.30774265,20.20223513,4.36912446,1.006604203
Thalassiosira pseudonana,160408_Tp_A,290062.5,0.283539262,21.1790957,1.572453393,0.412099591,0.364410005,0.225173656,8.951348821,0.406138154,0.229941727,0.636079881,30.84740157,11.34238311,10.70630323,0.024658,0.57344186,0.848828775,0.017206117,0.010631882,0.42265019,0.030033382,1.456502299,0.505512765,0.00585008,0.003827478,0.224004601,0.023042771,0.58260092,0.379134574,0.23174614,0.143198938,5.692600404,0.404514298,0.037357478,0.024114701,0.910816065,0.016666282,0.884276551,0.54640592,1.391512813,0.080469166,0.051908562,0.059835051,0.80778722,15.70714085,132.5350869,8.437887466,25.8058899,1.5550849,0.079210808,19.34213906,121.8460423,98.89545261,19.22127795,24.56394914,1.618350971,2.881237428
Thalassiosira pseudonana,160408_Tp_B,318750,0.292136423,20.12223632,1.404744365,0.379140089,0.375785266,0.249239532,7.5708061,0.438959617,0.254324739,0.693284357,30.77910234,9.568627451,8.875343094,0.025,0.581395349,0.755444499,0.018675124,0.012386274,0.376240791,0.034453643,1.529606444,0.441071407,0.006349542,0.004459059,0.199407619,0.026451109,0.611842577,0.330803556,0.267511495,0.177426967,5.389454684,0.493530619,0.043122853,0.029878701,0.862312749,0.020149291,0.991151493,0.657381107,1.533457856,0.090194786,0.062451205,0.065938688,0.781415321,16.704999,136.8680798,8.19324083,23.73042417,1.342182102,0.082874215,20.60790406,117.9313462,95.54635951,21.85846788,20.14662839,1.507727379,3.467933804
Thalassiosira pseudonana,160408_Tp_C,314287.5,0.254507001,19.33619835,1.45597151,0.394868638,0.381956427,0.248274548,7.96063799,0.401415682,0.228062013,0.629477695,21.07876501,9.959034324,9.329556629,0.027508773,0.639738914,0.787955234,0.01975344,0.012839884,0.411696128,0.032554367,1.090119404,0.482491773,0.006716169,0.004622358,0.218198948,0.024980741,0.436047762,0.36186883,0.262337844,0.17052157,5.467578133,0.432342041,0.04228886,0.028715832,0.874812501,0.017777964,0.967299984,0.628752259,1.620130981,0.088024299,0.059731465,0.069665632,0.782578605,15.48765703,126.2827666,8.153768279,20.35008819,1.402967098,0.08585289,16.90668944,105.2434808,96.35951587,21.74213954,20.84174378,1.53844375,2.259353349
Thalassiosira pseudonana,160412_Tp_A,364933.3333,0.000721853,25.76458562,1.119310906,0.403455248,0.251838491,0.281493827,6.343116957,0.225486722,0.208170708,0.433657431,31.36523821,13.94775301,13.51409558,0.026295855,0.611531506,0.83508844,0.009774599,0.01092561,0.246195186,0.016831531,1.217377942,0.52452214,0.003323364,0.00393322,0.130483449,0.013075045,0.486951177,0.393391605,0.224994226,0.251488505,5.666983964,0.387432507,0.036269069,0.042350664,0.906717434,0.013047443,0.624204277,0.697707684,1.515735658,0.056802589,0.06628223,0.065176633,0.811738548,26.84354902,164.6847672,6.134984873,26.56735494,1.117502783,0.075955071,27.71018788,103.1157859,99.83846104,18.82614525,25.18724172,0.894650139,2.320927658
Thalassiosira pseudonana,160412_Tp_B,307133.3333,-0.003109984,27.57707986,1.397576027,0.496641151,0.333208068,0.340912142,7.750383876,0.35688723,0.342468601,0.699355831,30.17535427,15.66095073,14.9615949,0.042504339,0.988473004,0.998097736,0.01208279,0.012362155,0.2810444,0.025360039,1.09421862,0.542537316,0.004108149,0.004450376,0.148953532,0.019717573,0.437687448,0.406902987,0.238418563,0.243931017,5.54559017,0.500406287,0.038433072,0.041077983,0.887294427,0.01657239,0.670923194,0.686435549,1.99031635,0.061054011,0.065211377,0.085583603,0.788151009,23.01125695,143.1961073,6.222872034,28.17881353,1.374345341,0.105212927,23.89827721,102.1820065,98.33778732,21.18489909,23.25989262,0.977401586,2.016854118
Thalassiosira pseudonana,160412_Tp_C,333200,-0.063234024,26.88109572,1.365017614,0.450096559,0.308017231,0.333225461,6.495653817,0.242666218,0.23052513,0.473191348,34.83037733,14.55582233,14.08263098,0.037385948,0.869440661,0.900172894,0.011458507,0.012396275,0.241643938,0.017603127,1.295720148,0.523886047,0.003895892,0.004462659,0.128071287,0.013683602,0.518288059,0.392914535,0.225650737,0.244118067,4.758659338,0.346655855,0.036374899,0.041109482,0.761385494,0.011528455,0.684335893,0.740342165,1.931675867,0.062274566,0.070332506,0.083062062,0.784330866,22.9655166,154.0163803,6.706419148,28.52933792,1.1608087,0.097071935,28.64644964,106.1316035,85.03983304,21.56691343,21.08860534,0.924350828,2.473286233
Thalassiosira pseudonana,160415_Tp_A,316200,-0.048428664,33.41314134,1.286005985,0.632809529,0.2389657,0.298754685,6.467559346,0.21410361,0.24260488,0.45670849,36.41034093,17.39360017,16.93689168,0.026158145,0.608328946,1.419072822,0.007151848,0.008941233,0.193563343,0.013668529,1.089701222,0.506893127,0.002431628,0.003218844,0.102588572,0.010671277,0.435880489,0.380169845,0.185820053,0.232312049,5.029182927,0.355137142,0.029954192,0.039121349,0.804669268,0.010854823,0.377626583,0.472108386,0.961314453,0.034364019,0.044850297,0.041336521,0.879449163,30.29994397,136.1663936,4.493948693,31.23997249,1.137600422,0.076285718,32.00815665,93.49606544,88.45996328,12.05508372,27.06480196,0.799872645,2.149765236
Thalassiosira pseudonana,160415_Tp_B,258900,-0.044473258,35.38463771,1.704864005,0.82778783,0.30573185,0.33658458,8.375974659,0.239028551,0.286694777,0.525723328,34.63124081,22.32972136,21.80399803,0.042602592,0.990757962,1.849657686,0.008640242,0.009512167,0.236712178,0.014857389,0.978708362,0.616199556,0.002937682,0.00342438,0.125457454,0.01161635,0.391483345,0.462149667,0.179329172,0.197426058,4.912986979,0.308366724,0.028907862,0.033246548,0.786077917,0.009149407,0.369336005,0.406607307,1.196874279,0.033609576,0.038627694,0.051465594,0.876297135,24.20429956,110.235469,4.554375502,35.28092103,1.461719258,0.102399726,28.13297829,99.70688781,85.73817345,12.37028646,27.39647393,0.908335878,1.58829774
Thalassiosira pseudonana,160415_Tp_C,312030,-0.070404133,32.1209693,1.359503586,0.707125021,0.302569874,0.340586475,6.888113282,0.220560646,0.260872607,0.481433253,36.80755866,17.51462311,17.03318986,0.052693732,1.225435622,1.516014183,0.009419699,0.010603244,0.214442884,0.01498813,1.145904357,0.530282561,0.003202698,0.003817168,0.113654728,0.011715438,0.458361743,0.397711921,0.222559085,0.250522675,5.066638553,0.354124298,0.035876524,0.042188018,0.810662169,0.010570361,0.427887382,0.481649588,1.732982975,0.038937752,0.045756711,0.074518268,0.840787269,27.55343777,117.1434675,4.251500975,31.75041202,1.222597594,0.112583305,30.26952419,98.84636957,89.92970721,15.92127306,22.76536388,0.888379006,2.160931626
,,,,,,,,,,,,,,,,,,,,,,,,,,,,,,,,,,,,,,,,,,,,,,,,,,,,,,,,,,
,,,,,,,,,,,,,,,,,,,,,,,,,,,,,,,,,,,,,,,,,,,,,,,,,,,,,,,,,,
Thalassiosira weissflogii,160502_Tw_A,17212.5,0.484285019,140.0123006,27.78028212,4.956349787,8.978898262,2.284963647,104.0001776,7.09145219,3.188321176,10.27977337,69.26929126,56.951271,46.67149763,0.286960032,6.673489122,9.269447262,0.064129353,0.016319735,0.742793149,0.073420502,0.494737184,0.333338553,0.02180398,0.005875105,0.393680369,0.056036256,0.197894873,0.250003914,0.323211198,0.082251276,3.74366888,0.37003848,0.052101645,0.013851115,0.598987021,0.016422964,1.811594953,0.461017431,1.346452411,0.164855141,0.043796656,0.057897454,0.73345075,5.877559677,72.85005445,12.39460906,129.5526113,18.92844926,1.32111132,7.977575105,92.52944973,68.13627444,26.65492504,11.5827326,3.929558475,1.484188311
Thalassiosira weissflogii,160502_Tw_B,17595,0.496436886,137.2313809,26.1203549,4.911814881,8.869182257,2.128193475,100.3724411,6.752134551,3.192596315,9.944730866,77.3487356,53.31078264,43.36605178,0.230770238,5.366749724,9.36260027,0.064629403,0.015508067,0.731410268,0.072466886,0.563637377,0.316006816,0.021973997,0.005582904,0.387647442,0.05535577,0.225454951,0.237005112,0.339550603,0.081476438,3.842690555,0.380727249,0.054735557,0.013720632,0.614830489,0.016684352,1.805683331,0.433280473,1.092620519,0.164317183,0.041161645,0.046982682,0.74753849,6.126915174,72.05051354,11.75967212,128.0396472,18.28349172,1.240044204,8.162535726,93.30201757,69.99710297,25.24615104,11.31698934,4.167469903,1.783624112
Thalassiosira weissflogii,160502_Tw_C,17850,0.557118908,140.0636694,25.98130354,4.812242474,8.344703913,2.273609564,104.2890297,7.475816811,3.303169348,10.77898616,74.5168116,56.94709446,46.1681083,0.258283225,6.00658663,9.125021196,0.059577933,0.016232686,0.744583018,0.076957759,0.532020987,0.329622296,0.020256497,0.005843767,0.394629,0.058713297,0.212808395,0.247216722,0.32118111,0.087509449,4.014002975,0.414874725,0.051774395,0.014736591,0.642240476,0.018509328,1.734057242,0.472463633,1.24818869,0.157799209,0.044884045,0.053672114,0.743644632,6.28683512,75.05914888,11.93909932,131.5852902,18.89518333,1.23364419,8.117008455,93.94676776,72.72607898,25.63553679,12.49763093,3.670244903,1.614032161
Thalassiosira weissflogii,160505_Tw_A,24531,0.490588267,118.8625222,11.55352842,4.024266826,4.378403932,1.728356179,66.92687334,5.204852688,2.334564183,7.53941687,190.0072262,43.22638594,35.68696907,0.198122678,4.607504134,8.321595841,0.036835866,0.0145408,0.563061191,0.063429723,1.598546142,0.300237353,0.012524194,0.005234688,0.298422431,0.048419459,0.639418457,0.225178015,0.378966821,0.149595527,5.79276485,0.652564013,0.061089451,0.025191887,0.926842376,0.02891731,1.088000404,0.429483494,1.144930079,0.099008037,0.040800932,0.049231993,0.810959038,11.99769485,76.16997454,6.34871744,146.1054848,12.03925059,0.760751273,14.14512635,122.9197245,104.2041024,18.90409621,15.28567815,2.533276408,5.324274692
Thalassiosira weissflogii,160505_Tw_B,23103,0.479318401,133.2265058,13.90183774,4.035531993,4.67710959,1.869198158,68.61515487,5.341057853,2.439235712,7.780293565,204.580394,50.28938877,42.50909521,0.191147168,4.44528298,8.264678472,0.035106449,0.014030227,0.515026304,0.058398991,1.535583274,0.319073858,0.011936193,0.005050882,0.272963941,0.044591017,0.61423331,0.239305394,0.336438223,0.134456911,4.935689523,0.559659357,0.054233842,0.022642544,0.789710324,0.024698899,1.158982161,0.463185067,1.101535804,0.105467377,0.044002581,0.04736604,0.803164002,11.17598808,85.1364389,7.617799722,158.283845,12.3905079,0.794337966,14.8897446,118.8080736,89.12856078,19.68359976,14.67041846,2.502201048,4.812626404
Thalassiosira weissflogii,160505_Tw_C,23919,0.587999907,125.3328998,13.53203211,4.090937437,4.502179205,1.836269323,77.68633214,5.358797732,2.398025255,7.756822987,181.6496376,43.12057219,35.3637492,0.222273389,5.16914858,8.375155202,0.035921767,0.014651136,0.6198399,0.061889759,1.449337228,0.282158549,0.012213401,0.005274409,0.328515147,0.047237243,0.579734891,0.211618912,0.33270533,0.135697973,5.740921359,0.573219375,0.053632099,0.022851539,0.918547417,0.025441877,1.100525069,0.448862724,1.263560897,0.100147781,0.042641959,0.054333119,0.802877141,10.80113952,79.00742139,7.314730194,148.4686015,13.80907248,0.806417282,12.53169667,118.4594003,102.0472932,19.71228587,17.25527319,2.451807667,5.136605754
Thalassiosira weissflogii,160509_Tw_A,38473.125,0.001954571,262.7394475,8.30937281,3.686473532,2.39284993,1.701687926,48.29117864,2.794916393,1.559151725,4.354068118,542.3327842,66.00064871,61.64658059,0.151093965,3.513813151,8.047366503,0.009107311,0.006476713,0.183798737,0.01657181,2.064146778,0.234630091,0.003096486,0.002331617,0.097413331,0.012715936,0.825658711,0.175972569,0.287969981,0.20479138,5.811651462,0.523994797,0.046420761,0.034486868,0.929864234,0.021592872,0.649089139,0.461603186,0.953163808,0.059067112,0.043852303,0.040986044,0.856094542,36.87436459,183.7975846,4.984427167,293.5295283,8.57830346,0.530503662,39.88321475,111.7188649,103.2364735,14.3905458,20.18144892,1.406162607,8.797451198
Thalassiosira weissflogii,160509_Tw_B,36465,0.022884294,274.6766786,8.234688487,4.109381805,1.743356061,1.683936353,46.27479644,2.843411266,1.575959421,4.419370686,504.7255377,61.68644276,57.26707207,0.176751577,4.110501784,9.215319296,0.006346939,0.006130613,0.16847006,0.016089355,1.837525997,0.208489022,0.002157959,0.002207021,0.089289132,0.012343989,0.735010399,0.156366766,0.211708805,0.204493024,5.619495688,0.536677337,0.034127459,0.034436625,0.89911931,0.022162582,0.424238035,0.40977851,1.000272542,0.038605661,0.038928958,0.043011719,0.879453661,38.8993299,172.3736712,4.431276107,273.9557252,8.151073267,0.495370932,39.17467027,99.73752653,98.98459766,12.05463389,26.54351425,1.035286196,8.813538382
Thalassiosira weissflogii,160509_Tw_C,37006.875,0.044194165,274.874967,8.677428789,3.473059967,1.749036595,1.68348603,43.83793009,2.86619254,1.544965831,4.411158371,515.4353017,65.67848692,61.26732855,0.169788563,3.948571232,7.609316398,0.006363026,0.006124552,0.159483166,0.016047872,1.87516276,0.222891627,0.002163429,0.002204839,0.084526078,0.012304715,0.750065104,0.16716872,0.201561619,0.194007473,5.051949277,0.508348553,0.032491733,0.032670858,0.808311884,0.021183229,0.503601035,0.484727026,1.136914211,0.045827694,0.046049067,0.048887311,0.859235927,36.94125447,204.102604,5.525058825,279.9417056,7.76332852,0.488882066,42.0300015,101.8432885,89.46577044,14.07640728,25.06404395,1.038937398,8.412890098
Thalassiosira weissflogii,160513_Tw_A,37995,-0.056272488,387.7194511,8.613725914,4.010074062,1.355954578,1.81239283,41.81299294,2.298486537,1.52999189,3.828478427,704.3758775,100.2070575,96.37857907,0.180185465,4.190359643,9.012115076,0.003497257,0.004674496,0.107843423,0.009874352,1.816715348,0.248578138,0.001189067,0.001682818,0.057157014,0.007610729,0.726686139,0.186433603,0.157417892,0.210407534,4.854228398,0.444462532,0.025375764,0.035432629,0.776676544,0.017123727,0.338137041,0.451959939,1.044958168,0.030770471,0.042936194,0.044933201,0.881360134,52.49211217,249.3393558,4.750034729,380.2594853,7.361364795,0.47575465,60.2090094,98.0759372,85.46086639,11.86398662,30.83657344,0.748157108,7.308427705
Thalassiosira weissflogii,160513_Tw_B,35763.75,-0.068041736,377.7098275,8.505759397,4.072565385,1.352748151,1.886985606,49.04486028,2.210388402,1.47316377,3.683552172,692.8651754,105.4457451,101.7621929,0.128695843,2.992926574,9.285428324,0.003581448,0.00499586,0.129847986,0.009752333,1.834384824,0.269418971,0.001217692,0.00179851,0.068819432,0.007516518,0.73375393,0.202064228,0.15903908,0.221847988,5.766076607,0.433065644,0.0256371,0.037359201,0.922572257,0.016686747,0.332161187,0.463340776,0.734899576,0.030226668,0.044017374,0.031600682,0.894155277,51.78603954,239.1750408,4.618523503,383.4398028,8.524942477,0.431059557,52.42585248,101.517031,100.2255305,10.58447235,36.25572155,0.716883132,6.808669857
Thalassiosira weissflogii,160513_Tw_C,39078.75,0.045045146,338.0512933,7.782836128,3.856703123,1.330358829,1.826104216,46.28246392,1.873612766,1.280101075,3.153713841,657.0721195,93.71946681,90.56575297,0.174991194,4.069562641,8.636899113,0.003935376,0.005401855,0.13690959,0.009329099,1.943705386,0.267905359,0.001338028,0.001944668,0.072562083,0.007193965,0.777482154,0.200929019,0.170934966,0.234632232,5.94673499,0.405213959,0.027554717,0.039512068,0.951477598,0.015481417,0.34494717,0.473488406,1.055192093,0.031390193,0.044981399,0.04537326,0.878255149,50.65382236,226.0435035,4.462516211,358.8245171,8.047653354,0.469533747,51.96998764,106.1449917,103.40258,12.17448511,34.78945898,0.728522949,7.255194132
Thalassiosira weissflogii,160518_Tw_A,40385.625,0.018319907,414.5124579,7.265418227,4.240809845,0.771731087,1.759820063,46.43816099,1.44959336,1.202365933,2.651959294,749.0383968,111.3211185,108.6691592,0.180018907,4.186486219,9.749188189,0.00186178,0.004245518,0.112030797,0.006397779,1.807034704,0.262161383,0.000633005,0.001528386,0.059376322,0.004959156,0.722813882,0.196621037,0.106219775,0.242218687,6.391670725,0.365011237,0.017122628,0.040789627,1.022667316,0.012809796,0.181977291,0.414972641,0.987190271,0.016559933,0.039422401,0.042449182,0.901568484,66.53412899,252.0660905,3.788523189,408.6810093,7.943931037,0.417429342,59.96374624,98.59317892,109.3389367,9.843151606,60.17401885,0.438528406,6.892833276
Thalassiosira weissflogii,160518_Tw_B,39843.75,0.014504686,380.3271794,7.788680813,3.876998707,0.99351915,1.724977117,45.45187973,1.473607343,1.228456724,2.702064066,673.5712162,112.8350857,110.1330217,0.103714104,2.41195591,8.973056219,0.002612275,0.004535508,0.119507314,0.007104578,1.771030978,0.289574418,0.000888173,0.001632783,0.063338877,0.005507208,0.708412391,0.217180814,0.127559361,0.221472308,5.835632609,0.346921915,0.020562569,0.037295937,0.933701217,0.012162498,0.256259861,0.444925894,0.622119349,0.023319647,0.04226796,0.026751132,0.907661261,56.94570364,252.9806732,4.442489196,379.1710782,7.817672006,0.357997173,56.53241309,99.69602457,100.3722221,9.23387393,45.74836805,0.575960771,6.115978715
Thalassiosira weissflogii,160518_Tw_C,39971.25,0.107666912,451.1298795,7.661065566,3.737306966,1.094745401,1.875983448,53.33413728,1.2475613,1.116340374,2.363901674,662.6692507,,,,,,0.002426675,0.004158411,0.118223464,0.005239958,1.468910132,,0.000825069,0.001497028,0.062658436,0.004068238,0.587564053,,0.142897276,0.244872392,6.961712678,0.308560429,0.023035041,0.041236511,1.113874028,0.010508339,0.292923597,0.501961296,,0.026656047,0.047686323,,,68.67203555,311.2923583,4.533029433,,9.106355609,0.277840259,,,118.8653919,,48.7183022,0.583558134,
,,,,,,,,,,,,,,,,,,,,,,,,,,,,,,,,,,,,,,,,,,,,,,,,,,,,,,,,,,
,,,,,,,,,,,,,,,,,,,,,,,,,,,,,,,,,,,,,,,,,,,,,,,,,,,,,,,,,,
Ostreococcus tauri,160725_Ot_A,8007000,0.523646312,0.281430219,0.06578474,0.012677724,0.039529438,0.019731566,0.265430237,0.015416245,0.004386198,0.019802443,0.187897743,0.080947689,0.061145246,0.000783432,0.018219342,0.016376942,0.14045911,0.070111752,0.943147606,0.070363599,0.667653046,0.2172661,0.047756097,0.025240231,0.499868231,0.053029746,0.267061219,0.162949575,0.600890697,0.299941382,4.034829946,0.301018795,0.09686358,0.050510129,0.645572791,0.014947362,3.118023186,1.556396509,1.437114591,0.28374011,0.147857668,0.061795927,0.506606294,4.988995087,57.24730765,11.47471718,0.297163603,0.053147087,0.006255109,6.517122922,105.5905099,80.78938627,49.33937058,6.714748569,2.003360434,3.072973857
Ostreococcus tauri,160725_Ot_B,8032500,0.537636881,0.287610384,0.049587997,0.010383797,0.029837462,0.018912452,0.297234455,0.016779884,0.004992828,0.021772712,0.203634123,0.075157635,0.053384923,0.001010726,0.023505246,0.012395458,0.103742645,0.065757194,1.033462181,0.075702106,0.708020761,0.185615423,0.035272499,0.02367259,0.547734956,0.057103093,0.283208304,0.139211568,0.601707343,0.381391726,5.994080652,0.439072216,0.096995224,0.064226367,0.959052904,0.02159481,2.873463616,1.821342653,2.263646563,0.261485189,0.173027552,0.097336802,0.468150457,6.763873879,71.42890986,10.56035508,0.312403265,0.056623012,0.005522618,6.430760907,108.6203011,114.1869304,53.18495433,9.96178744,1.577662287,3.81445005
Ostreococcus tauri,160725_Ot_C,8606250,0.831132924,0.263033721,0.045350641,0.014112294,0.032230661,0.017316754,0.297786383,0.012613422,0.003644133,0.016257555,0.228211411,0.078754135,0.06249658,0.000921815,0.021437554,0.021960639,0.122534331,0.065834732,1.132122462,0.061807874,0.867612756,0.237599119,0.041661673,0.023700504,0.600024905,0.046590956,0.347045102,0.17819934,0.710699122,0.381841445,6.566310278,0.358485668,0.114564698,0.064302099,1.050609644,0.017735601,2.283871212,1.227068753,1.519069475,0.20783228,0.116571531,0.065319987,0.610276201,6.763873879,48.06616387,7.106306937,0.325431232,0.056561866,0.005499897,6.706180918,123.7222479,124.7212043,38.97237992,9.239226668,1.86124144,3.651582372
Ostreococcus tauri,160702_Ot_A,5788500,0.860601826,0.281430219,0.06578474,0.013581945,0.021285888,0.012481024,0.322345224,0.014093108,0.004173535,0.018266643,0.209494445,0.087241945,0.068975303,0.001105504,0.025709384,0.02385095,0.075634693,0.044348557,1.145382415,0.064906472,0.744392146,0.245088473,0.025715796,0.015965481,0.60705268,0.048950176,0.297756858,0.183816355,0.323568784,0.18972522,4.9,0.277672947,0.052159288,0.031949727,0.784,0.013668877,1.567219428,0.918942326,1.892908883,0.142616968,0.087299521,0.081395082,0.688688429,4.988995087,53.43605603,10.71078546,0.331878653,0.058007529,0.004228217,6.668600776,117.9257345,88.17778918,31.13115708,15.14361164,1.705460053,3.037238495
Ostreococcus tauri,160702_Ot_B,5482500,0.755517511,0.287610384,0.049587997,0.01146369,0.02826508,0.016027418,0.247939986,0.013876813,0.004155449,0.018032262,0.20118801,0.089635854,0.071603592,0.000972319,0.022612063,0.016310721,0.098275589,0.055726144,0.862068966,0.06269684,0.699515807,0.248960385,0.0334137,0.020061412,0.456896552,0.047281403,0.279806323,0.186720289,0.569998416,0.323211636,5,0.363641675,0.091883745,0.054428839,0.8,0.017816408,2.465617855,1.398102798,1.972494204,0.224371225,0.132819766,0.084817251,0.557991759,6.763873879,64.70021873,9.565556645,0.294564711,0.047809226,0.005067046,7.18139427,102.4179678,96.41289923,44.20082414,8.771954205,1.763545469,2.809747449
Ostreococcus tauri,160702_Ot_C,4972500,0.657879042,0.263033721,0.045350641,0.014668934,0.028464935,0.021047,0.226753207,0.015612323,0.004675152,0.020287475,0.205329344,0.082774098,0.062486623,0.001075638,0.02501483,0.022957964,0.108217816,0.080016358,0.862068966,0.077128798,0.780619853,0.237561265,0.036794057,0.028805889,0.456896552,0.058164937,0.312247941,0.178170949,0.627663333,0.464094878,5,0.447347028,0.101179329,0.078153578,0.8,0.021917502,1.940491034,1.434800957,1.705292982,0.176584684,0.136306091,0.073327598,0.613781627,6.763873879,46.24220269,6.836644728,0.281730243,0.045407348,0.005665412,7.23181145,107.1080325,100.1250409,38.62183732,7.966053995,1.352446153,3.285972789
Ostreococcus tauri,160704_Ot_A,13005000,0.232995848,0.30314848,0.03540984,0.009877703,0.010761587,0.019308929,0.180249957,0.012756241,0.003856985,0.016613226,0.228621053,0.095689692,0.079076466,0.000970549,0.022570905,0.01553774,0.035499394,0.063694625,0.594592977,0.054802275,0.754155367,0.260850608,0.012069794,0.022930065,0.315134278,0.041358651,0.301662147,0.195637956,0.303915165,0.545298394,5.090391809,0.469169775,0.048991125,0.09182825,0.814462689,0.022960106,1.089482749,1.95479944,2.285035757,0.09914293,0.185705947,0.098256538,0.616894585,9.9838706,79.14528747,7.927315031,0.269436214,0.034639398,0.003784202,9.066202058,88.87928909,97.82421691,38.31054146,16.74938404,0.557337355,2.891139001
Ostreococcus tauri,160704_Ot_B,12699000,0.224148072,0.310951989,0.036791593,0.008448043,0.010510357,0.019068148,0.181197033,0.011859678,0.003879399,0.015739077,0.252875711,0.092745711,0.077006634,0.001008355,0.023450107,0.011912489,0.033800577,0.061321841,0.582717074,0.050615777,0.813230726,0.247647987,0.011492196,0.022075863,0.308840049,0.038262682,0.32529229,0.18573599,0.285672785,0.518274614,4.924957577,0.427790032,0.046050453,0.087277445,0.787993212,0.02053843,1.244117377,2.25710844,2.775803612,0.113214681,0.214425302,0.119359555,0.553000462,9.856262417,94.92112477,9.630539524,0.277275599,0.034652513,0.003776271,9.326456927,89.16990709,94.18595407,44.69995385,17.23985567,0.551199648,3.283817232
Ostreococcus tauri,160704_Ot_C,11755500,0.198503847,0.311142066,0.038973653,0.010426639,0.011719766,0.020361236,0.19695466,0.012176484,0.00402153,0.016198014,0.224816264,0.117202822,0.101004808,0.001154958,0.026859496,0.015989995,0.037666927,0.065440318,0.633005568,0.052059867,0.722551814,0.324626011,0.012806755,0.023558514,0.335492951,0.039365537,0.289020726,0.243469509,0.300709956,0.522435906,5.053533474,0.415614477,0.048474445,0.087978207,0.808565356,0.019911649,1.124021448,1.952809179,2.576045539,0.102285952,0.185516872,0.110769958,0.601427218,9.310116684,76.95556739,8.265800527,0.293629121,0.037606834,0.004155774,9.100643925,94.37139921,96.4929656,39.8572782,16.80534138,0.575592055,2.225797653
Ostreococcus tauri,160707_Ot_A,15200890,-0.013143392,0.326298358,0.030186987,0.009415213,0.004734922,0.01602936,0.14776996,0.009831184,0.003741488,0.013572672,0.288327305,0.168734349,0.155161677,0.000399464,0.009289868,0.018007511,0.01451102,0.049124856,0.452867617,0.041595895,0.883630878,0.475520863,0.004933747,0.017684948,0.240019837,0.031549842,0.353452351,0.356640647,0.156853079,0.531002309,4.895154255,0.44961997,0.025284716,0.089420789,0.783224681,0.020747127,0.502901188,1.702495695,0.986686956,0.045764008,0.161737091,0.042427539,0.750071362,12.6055739,89.37382913,7.090024608,0.327695363,0.0277321,0.002353131,13.77296032,100.4281372,91.86773136,24.99286382,31.20853141,0.295390579,1.858237876
Ostreococcus tauri,160707_Ot_B,16014000,0.194497292,0.309170854,0.027112743,0.008079672,0.004641176,0.015637004,0.156499189,0.009714877,0.003817388,0.013532265,0.261816749,0.142375422,0.128843156,0.000854225,0.019865689,0.013559242,0.015011688,0.050577225,0.506189983,0.043769538,0.846835157,0.416737717,0.005103974,0.018207801,0.268280691,0.033219502,0.338734063,0.312553288,0.171180631,0.576740017,5.772163621,0.499110895,0.027594318,0.097123019,0.923546179,0.022836375,0.574426319,1.935351235,2.458724613,0.052272795,0.183858367,0.105725158,0.658143679,13.29819185,98.68029343,7.420579773,0.30178146,0.029040456,0.002762087,12.11236325,97.60993192,107.1099891,34.18563207,33.71972401,0.296807271,2.032057868
Ostreococcus tauri,160707_Ot_C,15045000,0.105360516,0.343679686,0.029960092,0.00943821,0.005645764,0.01628146,0.16131026,0.010445708,0.004251268,0.014696977,0.253244632,0.156862745,0.142165769,0.000989766,0.02301781,0.016288528,0.016427401,0.047373937,0.469362218,0.042763588,0.736862382,0.413657759,0.005585316,0.017054617,0.248761976,0.03248499,0.294744953,0.310243319,0.188442819,0.543438251,5.384171085,0.490551786,0.030376982,0.091515001,0.861467374,0.022223229,0.598181648,1.72505798,2.438789696,0.05443453,0.163880508,0.104867957,0.676817005,13.37760077,93.90524588,7.019588003,0.312361933,0.030127347,0.003050269,12.08473092,90.88751712,100.5582586,32.3182995,28.57190908,0.346760315,1.781333398
Ostreococcus tauri,160711_Ot_A,14662500,0,0.375645638,0.028790853,0.008750541,0.002573087,0.011322098,0.130140992,0.009669724,0.004206276,0.013876,0.339567281,0.194111089,0.180235089,0.00085498,0.019883258,0.016793073,0.006849771,0.030140368,0.346446167,0.03693907,0.903956406,0.47980083,0.002328922,0.010850532,0.183616468,0.028104054,0.361582562,0.359850622,0.089371667,0.393253292,4.520220091,0.481958643,0.014406713,0.066223854,0.723235215,0.021401266,0.294048851,1.293874034,2.272231851,0.026758445,0.122918033,0.09770597,0.752617552,15.21567867,110.7054721,7.275749873,0.355485924,0.023760142,0.00216473,17.43866122,94.63331614,82.52670478,24.73824483,50.57777552,0.227262348,1.884024267
Ostreococcus tauri,160711_Ot_B,14356500,-0.077443349,0.366191489,0.026878305,0.010618308,0.002948975,0.010330679,0.151427139,0.010581958,0.004445043,0.015027001,0.329998728,0.176816184,0.161789182,0.001086552,0.025268661,0.021118124,0.008053096,0.028211138,0.413519002,0.041035911,0.901164385,0.441815791,0.002738053,0.01015601,0.219165071,0.031194399,0.360465754,0.331361843,0.109715814,0.384350082,5.633805373,0.559075477,0.017686189,0.064724554,0.90140886,0.025089775,0.277725523,0.972911963,2.37972581,0.025273023,0.092426637,0.10232821,0.779972131,15.88816992,88.93620041,5.597636533,0.349742581,0.027117774,0.002336324,15.03260477,95.50811289,100.8909378,22.00278689,51.34907341,0.285458021,2.039683516
Ostreococcus tauri,160711_Ot_C,15342500,-0.043367229,0.34537417,0.025027114,0.008798867,0.002164366,0.011238031,0.150508768,0.009901899,0.004159378,0.014061277,0.311851714,0.182499593,0.168438316,0.000835398,0.01942785,0.017081436,0.006266728,0.032538712,0.435784668,0.040713169,0.902938729,0.487698069,0.002130687,0.011713936,0.230965874,0.030949059,0.361175491,0.365773552,0.086480841,0.449034223,6.013828417,0.561841735,0.013940712,0.075617363,0.962212547,0.025213917,0.245982338,1.277213384,2.207994497,0.022384393,0.121335272,0.094943763,0.761336572,16.09335509,101.2252232,6.289876951,0.34630965,0.026953815,0.002099968,14.97559627,100.27086,107.6984539,23.86634277,69.53943006,0.192592985,1.851429781
,,,,,,,,,,,,,,,,,,,,,,,,,,,,,,,,,,,,,,,,,,,,,,,,,,,,,,,,,,
,,,,,,,,,,,,,,,,,,,,,,,,,,,,,,,,,,,,,,,,,,,,,,,,,,,,,,,,,,
Micromonas sp.,160715_Ms_A,8619000,0.363977828,0.558298425,0.101498067,0.021002851,0.043155954,0.023382687,0.562916766,0.029321953,0.009420673,0.038742626,0.245790022,0.155986129,0.117243503,0.001374198,0.031958091,0.034372748,0.077299078,0.041882058,1.008272174,0.069394117,0.440248461,0.210001493,0.026281687,0.015077541,0.534384252,0.052393911,0.176099384,0.15750112,0.425189907,0.230375689,5.54608361,0.38170802,0.068540613,0.038795266,0.887373378,0.018432846,2.05476641,1.113310125,1.52160724,0.186983743,0.105764462,0.065429111,0.641822684,6.414696869,68.55099755,10.68655292,0.536936751,0.102831965,0.007522745,6.086039425,96.17378944,101.3142103,35.81773165,13.04378001,1.845637047,2.096406337
Micromonas sp.,160715_Ms_B,9001500,0.357794431,0.572703591,0.103729459,0.022031661,0.044893567,0.024966027,0.557469419,0.030209138,0.009967916,0.040177054,0.281009289,0.15923272,0.119055666,0.001502639,0.03494509,0.035881845,0.078388835,0.043593278,0.973399552,0.070153313,0.490671428,0.207883569,0.026652204,0.01569358,0.515901762,0.052996796,0.196268571,0.155912677,0.432794766,0.240684055,5.374263224,0.387325397,0.069766516,0.040531195,0.859882116,0.01858406,2.037684155,1.133188577,1.586130501,0.185429258,0.107652915,0.068203612,0.638714216,6.438657138,67.03603178,10.4114927,0.551757295,0.102563943,0.007959726,6.270369578,96.34255898,98.87638867,36.12857844,12.41757907,1.798186283,2.360318475
Micromonas sp.,160715_Ms_C,8670000,0.336804472,0.613724493,0.108526526,0.021482868,0.044940553,0.024322949,0.597532842,0.030981723,0.009707286,0.040689009,0.28773906,0.183604597,0.142915587,0.001282577,0.029827371,0.035188494,0.073225941,0.039631706,0.973617395,0.066298493,0.468840764,0.232866032,0.02489682,0.014267414,0.516017219,0.050027425,0.187536306,0.174649524,0.414097411,0.224119848,5.505869054,0.374922247,0.066752503,0.037741782,0.880939049,0.018220982,2.091925183,1.132202091,1.388425897,0.190365192,0.107559199,0.059702314,0.642373296,6.594852119,73.67274043,11.1712498,0.593713827,0.108923116,0.007682847,6.353263538,96.73947078,100.3654316,35.76267039,13.29607217,1.847660589,2.013349737
Micromonas sp.,160721_Ms_A,11781000,0.116971677,0.526801634,0.059556931,0.009624321,0.013889104,0.022008415,0.392616535,0.018836336,0.007272795,0.026109131,0.448873869,0.251110545,0.225001415,0.001321729,0.030737884,0.012616546,0.026364961,0.041777423,0.745283443,0.049561598,0.852073798,0.427108422,0.008964087,0.015039872,0.395000225,0.037569015,0.340829519,0.320331317,0.233207185,0.369535742,6.592289554,0.438389457,0.037592998,0.062229819,1.054766329,0.020178214,1.443125588,2.286749801,3.193771563,0.131324428,0.217241231,0.137332177,0.514102163,10.31531059,141.1570713,13.6842289,0.588824115,0.069965539,0.004676437,9.809371242,111.7734034,117.476736,48.58978368,28.26795216,0.631081541,1.994982431
Micromonas sp.,160721_Ms_B,11271000,0.034525869,0.562092513,0.063132498,0.012298301,0.013283824,0.024035483,0.326975576,0.020242599,0.007976738,0.028219338,0.381577224,0.266306735,0.238087397,0.001191491,0.027709096,0.019416397,0.023632807,0.042760724,0.581711316,0.05020408,0.678851284,0.42357333,0.008035154,0.015393861,0.308306998,0.038073563,0.271540513,0.317679997,0.210411818,0.380714901,5.1791959,0.446985917,0.033918385,0.064112389,0.828671344,0.02045893,1.080134902,1.954374311,2.253083303,0.098292276,0.18566556,0.096882582,0.619159582,10.38298755,117.8659427,11.35183319,0.539063631,0.059796643,0.00468369,10.50758698,95.90300864,94.71610488,38.08404177,24.61456752,0.552675552,1.602677119
Micromonas sp.,160721_Ms_C,11398500,0.024916351,0.542666287,0.060670104,0.010658616,0.022935072,0.02637245,0.286240727,0.020236909,0.008075773,0.028312682,0.38660811,0.243019847,0.214707165,0.001436053,0.033396579,0.011806204,0.042263676,0.048597914,0.527470996,0.052173284,0.712423306,0.395652301,0.01436965,0.017495249,0.279559628,0.039578864,0.284969322,0.296739226,0.378029218,0.434686077,4.717986392,0.46666612,0.06093831,0.073201135,0.754877823,0.021279341,2.151787027,2.474284572,3.133294085,0.195812619,0.235057034,0.134731646,0.434398701,10.43099188,131.2978621,12.58728447,0.506151325,0.05522779,0.006028527,10.68224358,93.27119393,91.0296609,56.56012994,12.4804808,0.869660285,1.800629756
Micromonas sp.,160723_Ms_A,11016000,0.00599104,0.617339168,0.063565233,0.012034876,0.012658356,0.022307291,0.389764,0.020259756,0.008235299,0.028495055,0.461467391,0.286480047,0.257984992,0.000931193,0.021655657,0.019972193,0.020504702,0.036134579,0.631361203,0.046157861,0.747510307,0.417898304,0.006971599,0.013008448,0.334621438,0.035029802,0.299004123,0.313423728,0.199139611,0.350935408,6.131716712,0.448280517,0.032101305,0.059097523,0.981074674,0.020338954,1.051806087,1.853553872,1.799408408,0.095714354,0.176087618,0.077374562,0.650823467,11.32587328,132.2841627,11.67982012,0.618610355,0.069452165,0.004202296,10.38176423,100.2059138,109.2612456,34.91765332,30.79104487,0.567453745,1.788737353
Micromonas sp.,160723_Ms_B,11857500,0.008877577,0.559514728,0.054042674,0.012005223,0.013577526,0.023716164,0.32095786,0.018669201,0.007335575,0.026004776,0.371485216,0.285671152,0.259666376,0.001254869,0.029183002,0.018516675,0.024266611,0.042387024,0.573636124,0.046477375,0.663941801,0.464092119,0.008250648,0.015259329,0.304027146,0.035245708,0.26557672,0.348069089,0.251237134,0.438841433,5.938970792,0.481189662,0.040499426,0.073900897,0.950235327,0.022043142,1.130968325,1.975487269,2.430858863,0.102918118,0.187671291,0.104526931,0.604883661,12.0737507,120.1896153,9.954621254,0.546326205,0.058727027,0.00474346,10.84310792,97.64286395,108.6678792,39.51163393,23.63890517,0.572500944,1.43062503
Micromonas sp.,160723_Ms_C,11551500,-0.016740025,0.582237925,0.061869454,0.010740212,0.013846874,0.02479168,0.304793,0.019707826,0.0078615,0.027569326,0.400566463,0.283887027,0.2563177,0.001101452,0.025615157,0.015359205,0.023782157,0.042579982,0.523485309,0.047350619,0.687977279,0.440228451,0.008085933,0.015328793,0.277447214,0.035919926,0.275190911,0.330171339,0.223807919,0.400709534,4.926388999,0.445604808,0.036077836,0.067479486,0.78822224,0.020321866,1.289255211,2.308304631,2.384976926,0.117322224,0.21928894,0.102554008,0.560834828,10.9746761,139.8019691,12.73859637,0.548552036,0.056431218,0.004716727,11.33021561,94.21441165,91.21014276,43.91651719,22.01168318,0.558529058,1.56277332
Micromonas sp.,160727_Ms_A,11900000,0.010772097,0.611948774,0.058384454,0.011133608,0.011427607,0.022606167,0.290341538,0.018437422,0.007750936,0.026188358,0.41212875,0.318238406,0.292050048,0.000778268,0.018099256,0.018277187,0.018674124,0.036941273,0.474453991,0.042795017,0.673469362,0.477245908,0.006349202,0.013298858,0.251460615,0.032506379,0.269387745,0.357934431,0.195730309,0.387194972,4.972925466,0.448550196,0.031551726,0.065203633,0.795668075,0.020149189,1.026406453,2.030443926,1.625641564,0.093402987,0.192892173,0.069902587,0.643802253,12.22321225,141.7440296,11.59629946,0.569685897,0.053280054,0.003965766,12.46265508,93.09372311,91.25726221,35.61977475,25.40702811,0.505508396,1.411157961
Micromonas sp.,160727_Ms_B,11007500,-0.01532597,0.673362009,0.064114717,0.007922352,0.013871229,0.023396846,0.375412293,0.019855891,0.008358371,0.028214262,0.39884502,0.349088584,0.320874323,0.000708721,0.016481883,0.009507633,0.020599958,0.034746311,0.557519266,0.041900585,0.592318863,0.47652573,0.007003986,0.012508672,0.295485211,0.031828213,0.236927545,0.357394297,0.216350159,0.364921613,5.855321713,0.440059057,0.034875646,0.0614528,0.936851474,0.019759628,1.750897847,2.953270146,2.08042793,0.159331704,0.280560664,0.089458401,0.470649231,12.24780855,219.189683,17.89623687,0.633733257,0.067508921,0.004193703,10.94170745,94.1147925,105.2939548,52.93507689,27.06409708,0.592867486,1.242994504
Micromonas sp.,160727_Ms_C,12197500,0.018994591,0.615649097,0.058633865,0.010645193,0.014146403,0.023210911,0.345449903,0.018172188,0.007680742,0.025852929,0.428697586,0.292257825,0.266404895,0.000760179,0.017678585,0.016300546,0.022978029,0.037701527,0.561114935,0.041992962,0.696334306,0.432721979,0.00781253,0.01357255,0.297390916,0.031900511,0.278533722,0.324541484,0.241266765,0.39586186,5.891644729,0.440921456,0.038892202,0.066663137,0.942663157,0.019774914,1.328900596,2.180412465,1.660710643,0.120929954,0.207139184,0.071410558,0.600520304,12.24481505,149.1438519,12.18016371,0.58717638,0.062620582,0.004252538,10.92927228,95.37517127,106.7993411,39.94796961,24.41962835,0.609472115,1.609195603
Micromonas sp.,160801_Ms_A,12027500,0.012103718,0.617841186,0.058960006,0.008727842,0.015787225,0.023429826,0.337944058,0.017670083,0.007394202,0.025064286,0.410713498,0.33199381,0.306929525,0.000727532,0.016919353,0.011061,0.025552238,0.037922084,0.546975608,0.040567521,0.664755777,0.496777379,0.008687761,0.01365195,0.289897072,0.030812544,0.265902311,0.372583034,0.26776159,0.397385062,5.731750758,0.425106565,0.043163168,0.066919645,0.917080121,0.019117057,1.808834804,2.684492323,1.938549351,0.164603967,0.255026771,0.083357622,0.49701164,12.22044006,182.5557865,14.93856077,0.606432546,0.061688674,0.004390003,11.45821136,98.15346726,104.6279991,50.29883599,21.40617244,0.673808894,1.338136167
Micromonas sp.,160801_Ms_B,12112500,0.013883339,0.611466205,0.057621226,0.008191842,0.013096185,0.021089644,0.317902961,0.017272905,0.007067654,0.024340559,0.43060818,0.312464167,0.288123608,0.000734665,0.017085225,0.010867386,0.021417675,0.034490285,0.519902749,0.039806876,0.704222369,0.471201197,0.00728201,0.012416502,0.275548457,0.030219309,0.281688948,0.353400898,0.227280563,0.366004768,5.517115522,0.422423487,0.036637627,0.061635203,0.882738484,0.01912688,1.598686107,2.574468883,2.085638837,0.145480436,0.244574544,0.08968247,0.52026255,12.37534945,192.4936933,15.55460669,0.587347608,0.057629189,0.003929934,11.87934408,96.05561232,100.0138194,47.97374496,24.27447137,0.620977056,1.49452585
Micromonas sp.,160801_Ms_C,12112500,0.005123526,0.634215233,0.05343891,0.008429218,0.012152545,0.021770068,0.297325754,0.0177458,0.007185404,0.024931204,0.553963896,0.308641975,0.283710771,0.000960294,0.022332417,0.010951475,0.019161548,0.034325994,0.468808912,0.039310321,0.87346356,0.447341464,0.006514926,0.012357358,0.248468723,0.029832202,0.349385424,0.335506098,0.227410053,0.407382346,5.563843928,0.466536542,0.036658501,0.068603187,0.890215028,0.021192329,1.441716752,2.582691241,2.649405383,0.131196224,0.245355668,0.113924431,0.509523676,13.84033453,194.0327336,14.01936732,0.622840413,0.054329685,0.004134332,13.36224283,98.20647319,101.6669045,49.04763238,24.46613,0.558222651,1.952565613
